Time,Thameslink,DLR
1604655057634,0,0
1604655117613,87,101
1604655177647,227,246
1604655258841,252,289
1604655318810,350,395
1604655378854,377,415
1604655438823,413,439
1604655498805,490,515
1604655558820,513,541
1604655618824,581,608
1604655678800,597,632
1604655738905,597,632
1604655798840,677,708
1604655858821,677,708
1604655918857,780,800
1604655978815,780,800
1604656038878,780,800
1604656098833,864,859
1604656158826,864,859
1604656218817,944,944
1604656278815,1002,1011
1604656338815,1002,1011
1604656398826,1002,1011
1604656458879,1059,1082
1604656518836,1141,1137
1604656578812,1141,1137
1604656638806,1218,1234
1604656698835,1218,1234
1604656758801,1218,1234
1604656818798,1276,1303
1604656878866,1276,1303
1604656938809,1321,1354
1604656998814,1321,1354
1604657058819,1370,1416
1604657118815,1370,1416
1604657178811,1430,1473
1604657238848,1430,1473
1604657298862,1478,1519
1604657358849,1478,1519
1604657418848,1519,1560
1604657478825,1519,1560
1604657538845,1562,1615
1604657598877,1562,1615
1604657658815,1597,1650
1604657718817,1597,1650
1604657778914,1629,1690
1604657838827,1629,1690
1604657898813,1664,1720
1604657958830,1697,1754
1604658018881,1697,1754
1604658078815,1697,1754
1604658138831,1721,1789
1604658198834,1721,1789
1604658258891,1721,1789
1604658318835,1747,1815
1604658378885,1747,1815
1604658438835,1780,1851
1604658498814,1780,1851
1604658558837,1824,1884
1604658618859,1824,1884
1604658678808,1872,1924
1604658738838,1903,1964
1604658798879,1903,1964
1604658858871,1930,2005
1604658918860,1930,2005
1604658978917,1930,2005
1604659038922,1960,2035
1604659098930,1986,2068
1604659158934,1986,2068
1604659218936,2013,2097
1604659278997,2013,2097
1604659338996,2013,2097
1604659398981,2047,2125
1604659458968,2047,2125
1604659519080,2079,2148
1604659578972,2079,2148
1604659638962,2116,2177
1604659698983,2116,2177
1604659759023,2141,2201
1604659819006,2169,2221
1604659878982,2169,2221
1604659938991,2169,2221
1604659998980,2169,2221
1604660059009,2196,2251
1604660118977,2207,2273
1604660178970,2207,2273
1604660238980,2234,2298
1604660298978,2234,2298
1604660358984,2259,2323
1604660418987,2259,2323
1604660478985,2288,2348
1604660538983,2288,2348
1604660599016,2318,2369
1604660659019,2318,2369
1604660719100,2345,2396
1604660779047,2345,2396
1604660839004,2362,2410
1604660898994,2362,2410
1604660958985,2362,2410
1604661019013,2373,2431
1604661078992,2373,2431
1604661139001,2396,2441
1604661199002,2420,2467
1604661259000,2420,2467
1604661319017,2420,2467
1604661378998,2436,2480
1604661439010,2451,2508
1604661498994,2451,2508
1604661559048,2451,2508
1604661619001,2468,2526
1604661679051,2468,2526
1604661739047,2468,2526
1604661799010,2468,2526
1604661859092,2513,2568
1604661919006,2513,2568
1604661979008,2513,2568
1604662039003,2549,2592
1604662099008,2549,2592
1604662159013,2549,2592
1604662219042,2549,2592
1604662279032,2549,2592
1604662339024,2589,2625
1604662399012,2589,2625
1604662459015,2589,2625
1604662519053,2589,2625
1604662579002,2589,2625
1604662639008,2623,2660
1604662699033,2623,2660
1604662759011,2623,2660
1604662819035,2648,2691
1604662879012,2648,2691
1604662939018,2648,2691
1604662999101,2648,2691
1604663059008,2675,2720
1604663119015,2675,2720
1604663179050,2675,2720
1604663239025,2675,2720
1604663299075,2744,2775
1604663359102,2744,2775
1604663419030,2744,2775
1604663479029,2744,2775
1604663539027,2839,2943
1604663599026,2839,2943
1604663659010,2839,2943
1604663719035,2839,2943
1604663779037,2967,3093
1604663839045,2967,3093
1604663899037,2967,3093
1604663959015,2967,3093
1604664019051,2967,3093
1604664079023,3061,3206
1604664139049,3061,3206
1604664199121,3061,3206
1604664259034,3154,3311
1604664319034,3154,3311
1604664379040,3154,3311
1604664439029,3154,3311
1604664499042,3154,3311
1604664559028,3220,3378
1604664619084,3220,3378
1604664679017,3220,3378
1604664739034,3286,3465
1604664799075,3286,3465
1604664859055,3286,3465
1604664919085,3286,3465
1604664979013,3286,3465
1604665039064,3334,3523
1604665099051,3334,3523
1604665159057,3334,3523
1604665219042,3385,3571
1604665279032,3385,3571
1604665339073,3385,3571
1604665399071,3385,3571
1604665459066,3453,3621
1604665519060,3453,3621
1604665579095,3453,3621
1604665639086,3453,3621
1604665699076,3509,3666
1604665759089,3509,3666
1604665819131,3509,3666
1604665879095,3509,3666
1604665939093,3563,3708
1604665999171,3563,3708
1604666059165,3563,3708
1604666119091,3563,3708
1604666179119,3594,3739
1604666239104,3594,3739
1604666299102,3594,3739
1604666359096,3594,3739
1604666419099,3594,3739
1604666479103,3678,3817
1604666539098,3678,3817
1604666599131,3678,3817
1604666659113,3678,3817
1604666719109,3730,3861
1604666779078,3730,3861
1604666839153,3730,3861
1604666899109,3781,3899
1604666959225,3781,3899
1604667019112,3781,3899
1604667079120,3781,3899
1604667139081,3781,3899
1604667199101,3827,3945
1604667259105,3827,3945
1604667319095,3827,3945
1604667379101,3827,3945
1604667439100,3872,3974
1604667499119,3872,3974
1604667559127,3872,3974
1604667619123,3912,4016
1604667679198,3912,4016
1604667739116,3912,4016
1604667799168,3912,4016
1604667859133,3912,4016
1604667919119,3953,4063
1604667979117,3953,4063
1604668039118,3953,4063
1604668099141,3953,4063
1604668159102,3995,4097
1604668219141,3995,4097
1604668279124,3995,4097
1604668339118,3995,4097
1604668399182,4028,4132
1604668459107,4028,4132
1604668519149,4028,4132
1604668579109,4028,4132
1604668639161,4072,4164
1604668699108,4072,4164
1604668759145,4072,4164
1604668819130,4072,4164
1604668879150,4112,4195
1604668939075,4112,4195
1604668999186,4112,4195
1604669059123,4112,4195
1604669119126,4151,4233
1604669179186,4151,4233
1604669239133,4151,4233
1604669299203,4151,4233
1604669359137,4179,4265
1604669419153,4179,4265
1604669479186,4179,4265
1604669539144,4179,4265
1604669599188,4179,4265
1604669659159,4234,4308
1604669719158,4234,4308
1604669779126,4234,4308
1604669839121,4234,4308
1604669899155,4284,4338
1604669959128,4284,4338
1604670019175,4284,4338
1604670079133,4284,4338
1604670139113,4323,4362
1604670199134,4323,4362
1604670259202,4323,4362
1604670319141,4362,4397
1604670379175,4362,4397
1604670439165,4362,4397
1604670499201,4362,4397
1604670559164,4362,4397
1604670619119,4387,4440
1604670679128,4387,4440
1604670739133,4387,4440
1604670799123,4430,4488
1604670859166,4430,4488
1604670919126,4430,4488
1604670979162,4430,4488
1604671039165,4430,4488
1604671099145,4430,4488
1604671159147,4430,4488
1604671219134,4430,4488
1604671279129,4430,4488
1604671339176,4430,4488
1604671399174,4491,4543
1604671459211,4491,4543
1604671519230,4491,4543
1604671579249,4491,4543
1604671639193,4491,4543
1604671699196,4491,4543
1604671759170,4491,4543
1604671819233,4491,4543
1604671879183,4491,4543
1604671939195,4491,4543
1604671999194,4491,4543
1604672059163,4547,4603
1604672119254,4547,4603
1604672179180,4547,4603
1604672239192,4547,4603
1604672299174,4547,4603
1604672359228,4547,4603
1604672419179,4547,4603
1604672479177,4547,4603
1604672539265,4547,4603
1604672599195,4547,4603
1604672659210,4623,4696
1604672719221,4623,4696
1604672779255,4623,4696
1604672839336,4623,4696
1604672899233,4623,4696
1604672959305,4623,4696
1604673019313,4623,4696
1604673079232,4623,4696
1604673139237,4623,4696
1604673199225,4623,4696
1604673259236,4674,4759
1604673319270,4674,4759
1604673379231,4674,4759
1604673439230,4674,4759
1604673499269,4674,4759
1604673559284,4674,4759
1604673619260,4674,4759
1604673679227,4674,4759
1604673739249,4674,4759
1604673799232,4674,4759
1604673859221,4733,4820
1604673919278,4733,4820
1604673979243,4733,4820
1604674039228,4733,4820
1604674099245,4733,4820
1604674159232,4733,4820
1604674219297,4733,4820
1604674279331,4733,4820
1604674339281,4733,4820
1604674399271,4733,4820
1604674459302,4783,4869
1604674519226,4783,4869
1604674579248,4783,4869
1604674639271,4783,4869
1604674699252,4783,4869
1604674759231,4783,4869
1604674819366,4783,4869
1604674879227,4783,4869
1604674939304,4783,4869
1604674999267,4783,4869
1604675059288,4834,4934
1604675119309,4834,4934
1604675179265,4834,4934
1604675239260,4834,4934
1604675299253,4834,4934
1604675359249,4834,4934
1604675419242,4834,4934
1604675479299,4834,4934
1604675539238,4834,4934
1604675599270,4834,4934
1604675659260,4834,4934
1604675719268,4892,4986
1604675779243,4892,4986
1604675839259,4892,4986
1604675899260,4892,4986
1604675959269,4892,4986
1604676019253,4892,4986
1604676079241,4892,4986
1604676139363,4892,4986
1604676199305,4892,4986
1604676259280,4956,5021
1604676319247,4956,5021
1604676379251,4956,5021
1604676439255,4956,5021
1604676499242,4956,5021
1604676559317,4956,5021
1604676619283,4956,5021
1604676679307,4956,5021
1604676739229,4956,5021
1604676799263,4956,5021
1604676859277,4999,5069
1604676919260,4999,5069
1604676979250,4999,5069
1604677039258,4999,5069
1604677099296,4999,5069
1604677159260,4999,5069
1604677219276,4999,5069
1604677279277,4999,5069
1604677339299,4999,5069
1604677399260,4999,5069
1604677459289,5046,5119
1604677519237,5046,5119
1604677579262,5046,5119
1604677639267,5046,5119
1604677699296,5046,5119
1604677759267,5046,5119
1604677819265,5046,5119
1604677879250,5046,5119
1604677939319,5046,5119
1604677999319,5046,5119
1604678059296,5127,5181
1604678119278,5127,5181
1604678179251,5127,5181
1604678239349,5127,5181
1604678299287,5127,5181
1604678359263,5127,5181
1604678419277,5127,5181
1604678479319,5127,5181
1604678539314,5127,5181
1604678599297,5127,5181
1604678659302,5199,5250
1604678719298,5199,5250
1604678779269,5199,5250
1604678839290,5199,5250
1604678899347,5199,5250
1604678959285,5199,5250
1604679019314,5199,5250
1604679079292,5199,5250
1604679139328,5199,5250
1604679199306,5199,5250
1604679259304,5199,5250
1604679324533,5253,5294
1604679379270,5253,5294
1604679439289,5253,5294
1604679499318,5253,5294
1604679559348,5253,5294
1604679619356,5253,5294
1604679679296,5253,5294
1604679739330,5253,5294
1604679799288,5253,5294
1604679859318,5289,5331
1604679919285,5289,5331
1604679979301,5289,5331
1604680039371,5289,5331
1604680099392,5289,5331
1604680159368,5289,5331
1604680219407,5289,5331
1604680279361,5289,5331
1604680339441,5289,5331
1604680399427,5289,5331
1604680459487,5332,5365
1604680519613,5332,5365
1604680579357,5332,5365
1604680639358,5332,5365
1604680699353,5332,5365
1604680759434,5332,5365
1604680819459,5332,5365
1604680879370,5332,5365
1604680939512,5332,5365
1604680999406,5332,5365
1604681059379,5332,5365
1604681119365,5332,5365
1604681179417,5369,5395
1604681239358,5369,5395
1604681299422,5369,5395
1604681359395,5369,5395
1604681419375,5369,5395
1604681479403,5369,5395
1604681539348,5369,5395
1604681599360,5369,5395
1604681659392,5413,5418
1604681719424,5413,5418
1604681779361,5413,5418
1604681839397,5413,5418
1604681899389,5413,5418
1604681959354,5413,5418
1604682019362,5413,5418
1604682079385,5413,5418
1604682139341,5413,5418
1604682199378,5413,5418
1604682259385,5519,5589
1604682319358,5519,5589
1604682379441,5519,5589
1604682439416,5519,5589
1604682499380,5519,5589
1604682559382,5519,5589
1604682619390,5519,5589
1604682679380,5519,5589
1604682739367,5519,5589
1604682799446,5519,5589
1604682859380,5519,5589
1604682919404,5580,5673
1604682979374,5580,5673
1604683039368,5580,5673
1604683099366,5580,5673
1604683159374,5580,5673
1604683219429,5580,5673
1604683279393,5580,5673
1604683339433,5580,5673
1604683399355,5580,5673
1604683459495,5638,5727
1604683519431,5638,5727
1604683579411,5638,5727
1604683639390,5638,5727
1604683699392,5638,5727
1604683759379,5638,5727
1604683819438,5638,5727
1604683879360,5638,5727
1604683939447,5638,5727
1604683999428,5638,5727
1604684059384,5638,5727
1604684119436,5685,5775
1604684179390,5685,5775
1604684239445,5685,5775
1604684299370,5685,5775
1604684359567,5685,5775
1604684419432,5685,5775
1604684479359,5685,5775
1604684539387,5685,5775
1604684599415,5685,5775
1604684659386,5685,5775
1604684719371,5685,5775
1604684779471,5743,5832
1604684839464,5743,5832
1604684899448,5743,5832
1604684959451,5743,5832
1604685019458,5743,5832
1604685079455,5743,5832
1604685139478,5743,5832
1604685199557,5743,5832
1604685259563,5790,5872
1604685319454,5790,5872
1604685379452,5790,5872
1604685439444,5790,5872
1604685499508,5790,5872
1604685559459,5790,5872
1604685619491,5790,5872
1604685679533,5790,5872
1604685739496,5790,5872
1604685799538,5790,5872
1604685859491,5790,5872
1604685919428,5851,5928
1604685979455,5851,5928
1604686039493,5851,5928
1604686099496,5851,5928
1604686159469,5851,5928
1604686219539,5851,5928
1604686279500,5851,5928
1604686339449,5851,5928
1604686399469,5851,5928
1604686459521,5894,5968
1604686519498,5851,5928
1604686579491,5894,5968
1604686639530,5894,5968
1604686699502,5894,5968
1604686759504,5894,5968
1604686819529,5894,5968
1604686879513,5894,5968
1604686939586,5894,5968
1604686999512,5894,5968
1604687059506,5894,5968
1604687119525,5932,6014
1604687179510,5932,6014
1604687240489,5932,6014
1604687299472,5932,6014
1604687359504,5932,6014
1604687419584,5932,6014
1604687479514,5932,6014
1604687539535,5932,6014
1604687599541,5932,6014
1604687659543,5932,6014
1604687719497,5983,6050
1604687779504,5983,6050
1604687839567,5983,6050
1604687899492,5983,6050
1604687959563,5983,6050
1604688019520,5983,6050
1604688079513,5983,6050
1604688139526,5983,6050
1604688199497,5983,6050
1604688259556,6025,6090
1604688319557,6025,6090
1604688379510,5983,6050
1604688439496,6025,6090
1604688499550,6025,6090
1604688559518,6025,6090
1604688619523,6025,6090
1604688679521,6025,6090
1604688739541,6025,6090
1604688799576,6025,6090
1604688859572,6073,6128
1604688919513,6073,6128
1604688979507,6073,6128
1604689039519,6073,6128
1604689099541,6073,6128
1604689159503,6073,6128
1604689219542,6073,6128
1604689279675,6073,6128
1604689339598,6073,6128
1604689399566,6073,6128
1604689459574,6073,6128
1604689519523,6073,6128
1604689579566,6112,6165
1604689639519,6112,6165
1604689699544,6112,6165
1604689759493,6112,6165
1604689819578,6112,6165
1604689879497,6112,6165
1604689939596,6112,6165
1604689999603,6112,6165
1604690059730,6112,6165
1604690119536,6167,6197
1604690179516,6167,6197
1604690239579,6167,6197
1604690299540,6167,6197
1604690359535,6167,6197
1604690419498,6167,6197
1604690479554,6167,6197
1604690539497,6167,6197
1604690599532,6167,6197
1604690659536,6167,6197
1604690719515,6295,6340
1604690779524,6295,6340
1604690839501,6295,6340
1604690899531,6295,6340
1604690959542,6295,6340
1604691019701,6295,6340
1604691079541,6295,6340
1604691139529,6295,6340
1604691199517,6295,6340
1604691259636,6295,6340
1604691319591,6347,6416
1604691379530,6347,6416
1604691439610,6347,6416
1604691499545,6347,6416
1604691559549,6347,6416
1604691619790,6347,6416
1604691679537,6347,6416
1604691739537,6347,6416
1604691799613,6347,6416
1604691859542,6347,6416
1604691919575,6397,6464
1604691979514,6397,6464
1604692039752,6397,6464
1604692099565,6397,6464
1604692159670,6397,6464
1604692219538,6397,6464
1604692279542,6397,6464
1604692339552,6397,6464
1604692399536,6397,6464
1604692459540,6397,6464
1604692519559,6444,6509
1604692579546,6444,6509
1604692639681,6444,6509
1604692699539,6444,6509
1604692759600,6444,6509
1604692819552,6444,6509
1604692879588,6444,6509
1604692939576,6444,6509
1604692999585,6444,6509
1604693059521,6444,6509
1604693119617,6482,6543
1604693179568,6482,6543
1604693239560,6482,6543
1604693299572,6482,6543
1604693359565,6482,6543
1604693419567,6482,6543
1604693479546,6482,6543
1604693539557,6482,6543
1604693599563,6482,6543
1604693659553,6482,6543
1604693719541,6525,6584
1604693779529,6525,6584
1604693839579,6525,6584
1604693899569,6525,6584
1604693959555,6525,6584
1604694019547,6525,6584
1604694079638,6525,6584
1604694139601,6525,6584
1604694199587,6525,6584
1604694259548,6525,6584
1604694319530,6525,6584
1604694379589,6558,6617
1604694439531,6558,6617
1604694499654,6558,6617
1604694559593,6558,6617
1604694619553,6558,6617
1604694679611,6558,6617
1604694739583,6558,6617
1604694799552,6558,6617
1604694859592,6558,6617
1604694919545,6606,6679
1604694979551,6606,6679
1604695039604,6606,6679
1604695099575,6606,6679
1604695159597,6606,6679
1604695219569,6606,6679
1604695279584,6606,6679
1604695339549,6606,6679
1604695399552,6606,6679
1604695459550,6606,6679
1604695519557,6660,6734
1604695579562,6660,6734
1604695639552,6660,6734
1604695699549,6660,6734
1604695759588,6660,6734
1604695819615,6660,6734
1604695879570,6660,6734
1604695939556,6660,6734
1604695999543,6660,6734
1604696059784,6660,6734
1604696119572,6660,6734
1604696179570,6745,6804
1604696239590,6745,6804
1604696299571,6745,6804
1604696359628,6745,6804
1604696419578,6745,6804
1604696479571,6745,6804
1604696539550,6745,6804
1604696599549,6745,6804
1604696659589,6745,6804
1604696719562,6745,6804
1604696779589,6839,6863
1604696839606,6839,6863
1604696899557,6839,6863
1604696959553,6839,6863
1604697019579,6839,6863
1604697079654,6839,6863
1604697139628,6839,6863
1604697199617,6839,6863
1604697259585,6839,6863
1604697319567,6897,6918
1604697379568,6897,6918
1604697439571,6897,6918
1604697499565,6897,6918
1604697559578,6897,6918
1604697619598,6897,6918
1604697679589,6897,6918
1604697739608,6897,6918
1604697799593,6897,6918
1604697859579,6897,6918
1604697919584,6897,6918
1604697979573,6988,6975
1604698039568,6988,6975
1604698100596,6988,6975
1604698159568,6988,6975
1604698219573,6988,6975
1604698279583,6988,6975
1604698339543,6988,6975
1604698399551,6988,6975
1604698459573,6988,6975
1604698519601,6988,6975
1604698579585,7035,7031
1604698639577,7035,7031
1604698699600,7035,7031
1604698759576,7035,7031
1604698819651,7035,7031
1604698879604,7035,7031
1604698939605,7035,7031
1604698999564,7035,7031
1604699059581,7035,7031
1604699119583,7035,7031
1604699179593,7091,7070
1604699239597,7091,7070
1604699299584,7091,7070
1604699359597,7091,7070
1604699719686,7132,7123
1604699839633,7132,7123
1604699899567,7132,7123
1604699959594,7132,7123
1604700019565,7132,7123
1604700079587,7132,7123
1604700139558,7132,7123
1604700199609,7132,7123
1604700259572,7132,7123
1604700319668,7132,7123
1604700379566,7132,7123
1604700439563,7184,7160
1604700499605,7184,7160
1604700559557,7184,7160
1604700619572,7184,7160
1604700679585,7184,7160
1604700739567,7184,7160
1604700799678,7184,7160
1604700859597,7184,7160
1604700919598,7184,7160
1604700979550,7217,7191
1604701039591,7217,7191
1604701099592,7217,7191
1604701159591,7217,7191
1604701219610,7217,7191
1604701279602,7217,7191
1604701339725,7217,7191
1604701399569,7217,7191
1604701459619,7217,7191
1604701519577,7217,7191
1604701579597,7256,7235
1604701639549,7256,7235
1604701699583,7256,7235
1604701759631,7256,7235
1604701819577,7256,7235
1604701879598,7256,7235
1604701939612,7256,7235
1604701999573,7256,7235
1604702059586,7256,7235
1604702119583,7256,7235
1604702179667,7278,7268
1604702239606,7278,7268
1604702299646,7278,7268
1604702359624,7278,7268
1604702419605,7278,7268
1604702479610,7278,7268
1604702539604,7278,7268
1604702599575,7278,7268
1604702659581,7278,7268
1604702719586,7278,7268
1604702779593,7330,7298
1604702839592,7330,7298
1604702899816,7330,7298
1604702959585,7330,7298
1604703019622,7330,7298
1604703079637,7330,7298
1604703139636,7330,7298
1604703199604,7330,7298
1604703259612,7330,7298
1604703319656,7330,7298
1604703379605,7368,7341
1604703439592,7368,7341
1604703499594,7368,7341
1604703559586,7368,7341
1604703619637,7368,7341
1604703679635,7368,7341
1604703739589,7368,7341
1604703799591,7368,7341
1604703859599,7368,7341
1604703919592,7368,7341
1604703979655,7397,7366
1604704039605,7397,7366
1604704099598,7397,7366
1604704159642,7397,7366
1604704219597,7397,7366
1604704279610,7397,7366
1604704339604,7397,7366
1604704399608,7397,7366
1604704459567,7397,7366
1604704519592,7424,7393
1604704579564,7424,7393
1604704639604,7424,7393
1604704699675,7424,7393
1604704759614,7424,7393
1604704819630,7424,7393
1604704879616,7424,7393
1604704939599,7424,7393
1604704999592,7424,7393
1604705059636,7424,7393
1604705119607,7424,7393
1604705179610,7424,7393
1604705239617,7452,7430
1604705299585,7452,7430
1604705359609,7452,7430
1604705419587,7452,7430
1604705479604,7452,7430
1604705539614,7452,7430
1604705599565,7452,7430
1604705659597,7452,7430
1604705719649,7452,7430
1604705779607,7452,7430
1604705839592,7474,7457
1604705899626,7474,7457
1604705959575,7474,7457
1604706019606,7474,7457
1604706079608,7474,7457
1604706139573,7474,7457
1604706199605,7474,7457
1604706259601,7474,7457
1604706319584,7474,7457
1604706379660,7495,7476
1604706439602,7495,7476
1604706499649,7495,7476
1604706559629,7495,7476
1604706619627,7495,7476
1604706679614,7495,7476
1604706739600,7495,7476
1604706799621,7495,7476
1604706859590,7495,7476
1604706919618,7495,7476
1604706979620,7512,7498
1604707039643,7512,7498
1604707099639,7512,7498
1604707159629,7512,7498
1604707219620,7512,7498
1604707279602,7512,7498
1604707339655,7512,7498
1604707399679,7512,7498
1604707459708,7512,7498
1604707519667,7512,7498
1604707579688,7529,7508
1604707639681,7529,7508
1604707699656,7529,7508
1604707759660,7529,7508
1604707819736,7529,7508
1604707879685,7529,7508
1604707939701,7529,7508
1604707999657,7529,7508
1604708059645,7529,7508
1604708119723,7529,7508
1604708179690,7529,7508
1604708239722,7544,7518
1604708299667,7544,7518
1604708359636,7544,7518
1604708419661,7544,7518
1604708479660,7544,7518
1604708539761,7544,7518
1604708599668,7544,7518
1604708659644,7544,7518
1604708719695,7544,7518
1604708779679,7544,7518
1604708839679,7544,7518
1604708899651,7554,7534
1604708959701,7554,7534
1604709019657,7554,7534
1604709079732,7554,7534
1604709139649,7554,7534
1604709199677,7554,7534
1604709259683,7554,7534
1604709319678,7554,7534
1604709379681,7578,7552
1604709439736,7578,7552
1604709499668,7578,7552
1604709559667,7578,7552
1604709619686,7578,7552
1604709679646,7578,7552
1604709739835,7578,7552
1604709799654,7578,7552
1604709859660,7578,7552
1604709919659,7578,7552
1604709979649,7603,7593
1604710039693,7603,7593
1604710099710,7603,7593
1604710159694,7603,7593
1604710219670,7603,7593
1604710279661,7603,7593
1604710339678,7603,7593
1604710399636,7603,7593
1604710459679,7603,7593
1604710519671,7603,7593
1604710579669,7603,7593
1604710639690,7621,7614
1604710699673,7621,7614
1604710759666,7621,7614
1604710819675,7621,7614
1604710879667,7621,7614
1604710939664,7621,7614
1604710999677,7621,7614
1604711059679,7621,7614
1604711119671,7621,7614
1604711179684,7631,7621
1604711239641,7631,7621
1604711299729,7631,7621
1604711359684,7631,7621
1604711419684,7631,7621
1604711479728,7631,7621
1604711539654,7631,7621
1604711599691,7631,7621
1604711659679,7631,7621
1604711719730,7631,7621
1604711779746,7637,7634
1604711839706,7637,7634
1604711899679,7637,7634
1604711959673,7637,7634
1604712019674,7637,7634
1604712079731,7637,7634
1604712139684,7637,7634
1604712199702,7637,7634
1604712259686,7637,7634
1604712319661,7637,7634
1604712379669,7641,7638
1604712439692,7641,7638
1604712499718,7641,7638
1604712564665,7641,7638
1604712619663,7641,7638
1604712679675,7641,7638
1604712739698,7641,7638
1604712799674,7641,7638
1604712859679,7641,7638
1604712919660,7641,7638
1604712979707,7645,7645
1604713039649,7641,7638
1604713099706,7645,7645
1604713159707,7645,7645
1604713219738,7645,7645
1604713279737,7645,7645
1604713339677,7645,7645
1604713399725,7645,7645
1604713459681,7645,7645
1604713519654,7645,7645
1604713579678,7645,7645
1604713639695,7645,7645
1604713699756,7655,7650
1604713759699,7655,7650
1604713819683,7655,7650
1604713879686,7655,7650
1604713939724,7655,7650
1604713999693,7655,7650
1604714059719,7655,7650
1604714119710,7655,7650
1604714179678,7655,7650
1604714239707,7668,7654
1604714299745,7668,7654
1604714359682,7668,7654
1604714419728,7668,7654
1604714479717,7668,7654
1604714539677,7668,7654
1604714599692,7668,7654
1604714659702,7668,7654
1604714719708,7668,7654
1604714779706,7676,7656
1604714839713,7668,7654
1604714899699,7676,7656
1604714959707,7676,7656
1604715019695,7676,7656
1604715079730,7676,7656
1604715139743,7676,7656
1604715199715,7676,7656
1604715259706,7676,7656
1604715319699,7676,7656
1604715379682,7679,7661
1604715439695,7679,7661
1604715499713,7679,7661
1604715559923,7679,7661
1604715619727,7679,7661
1604715679724,7679,7661
1604715739778,7679,7661
1604715799691,7679,7661
1604715859700,7679,7661
1604715919688,7679,7661
1604715979716,7681,7666
1604716039764,7679,7661
1604716099713,7681,7666
1604716159761,7681,7666
1604716219735,7681,7666
1604716279694,7681,7666
1604716339678,7681,7666
1604716399709,7681,7666
1604716459701,7681,7666
1604716519690,7681,7666
1604716579702,7685,7669
1604716639698,7681,7666
1604716699702,7685,7669
1604716759724,7685,7669
1604716819700,7685,7669
1604716879679,7685,7669
1604716939697,7685,7669
1604716999704,7685,7669
1604717059705,7685,7669
1604717119733,7685,7669
1604717179738,7688,7677
1604717239717,7688,7677
1604717299707,7688,7677
1604717359705,7688,7677
1604717419701,7688,7677
1604717479700,7688,7677
1604717539712,7688,7677
1604717599703,7688,7677
1604717659725,7688,7677
1604717719716,7688,7677
1604717779684,7688,7677
1604717839734,7690,7680
1604717899775,7690,7680
1604717959704,7690,7680
1604718019741,7690,7680
1604718079687,7690,7680
1604718139710,7690,7680
1604718199704,7690,7680
1604718259745,7690,7680
1604718319743,7690,7680
1604718379740,7694,7684
1604718439714,7694,7684
1604718499738,7694,7684
1604718559715,7694,7684
1604718619702,7694,7684
1604718679737,7694,7684
1604718739708,7694,7684
1604718799720,7694,7684
1604718859758,7694,7684
1604718919725,7694,7684
1604718979730,7694,7684
1604719039726,7696,7688
1604719099704,7696,7688
1604719159727,7696,7688
1604719219717,7696,7688
1604719279739,7696,7688
1604719339688,7696,7688
1604719399701,7696,7688
1604719459708,7696,7688
1604719519735,7696,7688
1604719579751,7696,7688
1604719639712,7698,7689
1604719699704,7698,7689
1604719759706,7698,7689
1604719819732,7698,7689
1604719879721,7698,7689
1604719939690,7698,7689
1604719999691,7698,7689
1604720059735,7698,7689
1604720119750,7698,7689
1604720179691,7698,7689
1604720239743,7700,7690
1604720299737,7700,7690
1604720359708,7700,7690
1604720419738,7700,7690
1604720479754,7700,7690
1604720539725,7700,7690
1604720599772,7700,7690
1604720659710,7700,7690
1604720719706,7700,7690
1604720779718,7700,7690
1604720839712,7701,7692
1604720899731,7701,7692
1604720959756,7701,7692
1604721019744,7701,7692
1604721079760,7701,7692
1604721139715,7701,7692
1604721199736,7701,7692
1604721259735,7701,7692
1604721319778,7701,7692
1604721379751,7701,7692
1604721439769,7701,7692
1604721499724,7704,7695
1604721559754,7704,7695
1604721619697,7704,7695
1604721679750,7704,7695
1604721739736,7704,7695
1604721799698,7704,7695
1604721859784,7704,7695
1604721919749,7704,7695
1604721979750,7704,7695
1604722039721,7707,7696
1604722099745,7707,7696
1604722159754,7707,7696
1604722219711,7707,7696
1604722279698,7707,7696
1604722339763,7707,7696
1604722399779,7707,7696
1604722459720,7707,7696
1604722519731,7707,7696
1604722579745,7707,7696
1604722639753,7707,7696
1604722699712,7709,7696
1604722759769,7709,7696
1604722819730,7709,7696
1604722879751,7709,7696
1604722939728,7709,7696
1604722999758,7709,7696
1604723059726,7709,7696
1604723119762,7709,7696
1604723179734,7709,7696
1604723239734,7715,7698
1604723299733,7715,7698
1604723359727,7715,7698
1604723419716,7715,7698
1604723479759,7715,7698
1604723539766,7715,7698
1604723599730,7715,7698
1604723659749,7715,7698
1604723719729,7715,7698
1604723779749,7715,7698
1604723839724,7715,7698
1604723899751,7717,7704
1604723959726,7717,7704
1604724019751,7717,7704
1604724079727,7717,7704
1604724139752,7717,7704
1604724199763,7717,7704
1604724259711,7717,7704
1604724319736,7717,7704
1604724379755,7717,7704
1604724439809,7717,7704
1604724499757,7718,7708
1604724559749,7718,7708
1604724619746,7718,7708
1604724679835,7718,7708
1604724739758,7718,7708
1604724799732,7718,7708
1604724859742,7718,7708
1604724919761,7718,7708
1604724979751,7718,7708
1604725039768,7718,7708
1604725099766,7720,7710
1604725159740,7720,7710
1604725219739,7720,7710
1604725279747,7720,7710
1604725339750,7720,7710
1604725399782,7720,7710
1604725459723,7720,7710
1604725519770,7720,7710
1604725579743,7720,7710
1604725639742,7720,7711
1604725699774,7720,7711
1604725759751,7720,7711
1604725819762,7720,7711
1604725879727,7720,7711
1604725939764,7720,7711
1604725999748,7720,7711
1604726059712,7720,7711
1604726119751,7720,7711
1604726179752,7720,7711
1604726239759,7722,7711
1604726299858,7722,7711
1604726359736,7722,7711
1604726419782,7722,7711
1604726479756,7722,7711
1604726539731,7722,7711
1604726599756,7722,7711
1604726659813,7722,7711
1604726719780,7722,7711
1604726779761,7722,7711
1604726839762,7725,7713
1604726899773,7725,7713
1604726959759,7725,7713
1604727019764,7725,7713
1604727079760,7725,7713
1604727139796,7725,7713
1604727199746,7725,7713
1604727259757,7725,7713
1604727319764,7725,7713
1604727379791,7725,7713
1604727439758,7729,7714
1604727499759,7729,7714
1604727559770,7729,7714
1604727619774,7729,7714
1604727679748,7729,7714
1604727739741,7729,7714
1604727799768,7729,7714
1604727859767,7729,7714
1604727919780,7729,7714
1604727979759,7729,7714
1604728039769,7729,7714
1604728099774,7731,7717
1604728159815,7731,7717
1604728219751,7731,7717
1604728279781,7731,7717
1604728339775,7731,7717
1604728399760,7731,7717
1604728459731,7731,7717
1604728519763,7731,7717
1604728579774,7731,7717
1604728639744,7731,7717
1604728699738,7735,7721
1604728759818,7735,7721
1604728819731,7735,7721
1604728879772,7735,7721
1604728939765,7735,7721
1604728999767,7735,7721
1604729059720,7735,7721
1604729119747,7735,7721
1604729179771,7735,7721
1604729239803,7739,7721
1604729299787,7739,7721
1604729359744,7739,7721
1604729420089,7739,7721
1604729479810,7739,7721
1604729539779,7739,7721
1604729599777,7739,7721
1604729659734,7739,7721
1604729719786,7739,7721
1604729779741,7739,7721
1604729839767,7739,7721
1604729899792,7742,7724
1604729959769,7742,7724
1604730019796,7742,7724
1604730079813,7742,7724
1604730139794,7742,7724
1604730199757,7742,7724
1604730259773,7742,7724
1604730319781,7742,7724
1604730379798,7742,7724
1604730439780,7745,7726
1604730499765,7745,7726
1604730559787,7745,7726
1604730619791,7745,7726
1604730679770,7745,7726
1604730739785,7745,7726
1604730799788,7745,7726
1604730859776,7745,7726
1604730919777,7745,7726
1604730979770,7745,7726
1604731039772,7749,7730
1604731099777,7749,7730
1604731159766,7749,7730
1604731219786,7749,7730
1604731279766,7749,7730
1604731339769,7749,7730
1604731399788,7749,7730
1604731459762,7749,7730
1604731519775,7749,7730
1604731579820,7749,7730
1604731639781,7749,7730
1604731699770,7751,7737
1604731759785,7751,7737
1604731819793,7751,7737
1604731879787,7751,7737
1604731939745,7751,7737
1604731999770,7751,7737
1604732059805,7751,7737
1604732119785,7751,7737
1604732179806,7751,7737
1604732239792,7751,7737
1604732299824,7751,7737
1604732359792,7753,7741
1604732419776,7753,7741
1604732479822,7753,7741
1604732539812,7753,7741
1604732599814,7753,7741
1604732659790,7753,7741
1604732719808,7753,7741
1604732779790,7753,7741
1604732839815,7758,7747
1604732899818,7758,7747
1604732959826,7758,7747
1604733019785,7758,7747
1604733079819,7758,7747
1604733139828,7758,7747
1604733199807,7758,7747
1604733259781,7758,7747
1604733319781,7758,7747
1604733379821,7758,7747
1604733439945,7767,7754
1604733499925,7758,7747
1604733559761,7767,7754
1604733619831,7767,7754
1604733679828,7767,7754
1604733739794,7767,7754
1604733799841,7767,7754
1604733859786,7767,7754
1604733919808,7767,7754
1604733979786,7767,7754
1604734039786,7767,7754
1604734099791,7772,7762
1604734159810,7772,7762
1604734219758,7772,7762
1604734279763,7772,7762
1604734339851,7772,7762
1604734399794,7772,7762
1604734459765,7772,7762
1604734519806,7772,7762
1604734579794,7772,7762
1604734639818,7772,7762
1604734699782,7772,7762
1604734759862,7780,7772
1604734819822,7780,7772
1604734879777,7780,7772
1604734939801,7780,7772
1604734999823,7780,7772
1604735059783,7780,7772
1604735119804,7780,7772
1604735179840,7780,7772
1604735239789,7780,7772
1604735299795,7793,7780
1604735359783,7793,7780
1604735419792,7793,7780
1604735479833,7793,7780
1604735539864,7793,7780
1604735599795,7793,7780
1604735659811,7793,7780
1604735719832,7793,7780
1604735779790,7793,7780
1604735839816,7793,7780
1604735899829,7804,7788
1604735959812,7804,7788
1604736019784,7804,7788
1604736079788,7804,7788
1604736139806,7804,7788
1604736199839,7804,7788
1604736259835,7804,7788
1604736319802,7804,7788
1604736379822,7804,7788
1604736439787,7804,7788
1604736499829,7804,7788
1604736559877,7823,7829
1604736619830,7823,7829
1604736679818,7823,7829
1604736739789,7823,7829
1604736799801,7823,7829
1604736859789,7823,7829
1604736919807,7823,7829
1604736980002,7823,7829
1604737039836,7823,7829
1604737099849,7823,7829
1604737159811,7869,7898
1604737219846,7869,7898
1604737279849,7869,7898
1604737339798,7869,7898
1604737399832,7869,7898
1604737459865,7869,7898
1604737519803,7869,7898
1604737579837,7869,7898
1604737639873,7869,7898
1604737699804,7869,7898
1604737759836,7869,7898
1604737819844,7913,7966
1604737879814,7913,7966
1604737939790,7913,7966
1604737999835,7913,7966
1604738059846,7913,7966
1604738119836,7913,7966
1604738179851,7913,7966
1604738239824,7913,7966
1604738299833,7913,7966
1604738359817,7950,8020
1604738419807,7950,8020
1604738479860,7950,8020
1604738539851,7950,8020
1604738599852,7950,8020
1604738660055,7950,8020
1604738719834,7950,8020
1604738779815,7950,8020
1604738839819,7950,8020
1604738899875,7994,8056
1604738959905,7994,8056
1604739019885,7994,8056
1604739079838,7994,8056
1604739139853,7994,8056
1604739199859,7994,8056
1604739259823,7994,8056
1604739319849,7994,8056
1604739379827,7994,8056
1604739439854,7994,8056
1604739499837,7994,8056
1604739559874,8029,8115
1604739619834,8029,8115
1604739679852,8029,8115
1604739739847,8029,8115
1604739799853,8029,8115
1604739859808,8029,8115
1604739919860,8029,8115
1604739979830,8029,8115
1604740039835,8029,8115
1604740099859,8029,8115
1604740159877,8061,8154
1604740219896,8061,8154
1604740279853,8061,8154
1604740339819,8061,8154
1604740399849,8061,8154
1604740459826,8061,8154
1604740519875,8061,8154
1604740579840,8061,8154
1604740639862,8061,8154
1604740699840,8061,8154
1604740759809,8061,8154
1604740819886,8104,8203
1604740879839,8104,8203
1604740939832,8104,8203
1604740999823,8104,8203
1604741059837,8104,8203
1604741119905,8104,8203
1604741179838,8104,8203
1604741239861,8104,8203
1604741299849,8104,8203
1604741359833,8137,8235
1604741419849,8137,8235
1604741479837,8137,8235
1604741539825,8137,8235
1604741599866,8137,8235
1604741659805,8137,8235
1604741719795,8137,8235
1604741779848,8137,8235
1604741839850,8137,8235
1604741899831,8137,8235
1604741959804,8137,8235
1604742019861,8176,8267
1604742079853,8176,8267
1604742139843,8176,8267
1604742199870,8176,8267
1604742259829,8176,8267
1604742319826,8176,8267
1604742379822,8176,8267
1604742439828,8176,8267
1604742499895,8176,8267
1604742559835,8200,8284
1604742619847,8200,8284
1604742679843,8200,8284
1604742739866,8200,8284
1604742799843,8200,8284
1604742859853,8200,8284
1604742919901,8200,8284
1604742979855,8200,8284
1604743040055,8200,8284
1604743099841,8218,8310
1604743159838,8218,8310
1604743219872,8218,8310
1604743279831,8218,8310
1604743339826,8218,8310
1604743399833,8218,8310
1604743459869,8218,8310
1604743519924,8218,8310
1604743579894,8218,8310
1604743639878,8218,8310
1604743699839,8218,8310
1604743759857,8218,8310
1604743819845,8242,8342
1604743879828,8242,8342
1604743939836,8242,8342
1604743999844,8242,8342
1604744059847,8242,8342
1604744119859,8242,8342
1604744179873,8242,8342
1604744239873,8242,8342
1604744299918,8242,8342
1604744359871,8264,8364
1604744419865,8264,8364
1604744479852,8264,8364
1604744539854,8264,8364
1604744599895,8264,8364
1604744659867,8264,8364
1604744719867,8264,8364
1604744779864,8264,8364
1604744839850,8264,8364
1604744899857,8282,8383
1604744959906,8282,8383
1604745019832,8282,8383
1604745079834,8282,8383
1604745139892,8282,8383
1604745199915,8282,8383
1604745259870,8282,8383
1604745319943,8282,8383
1604745379915,8282,8383
1604745439831,8282,8383
1604745499878,8301,8432
1604745559855,8301,8432
1604745619875,8301,8432
1604745679844,8301,8432
1604745739866,8301,8432
1604745799892,8301,8432
1604745859872,8301,8432
1604745919866,8301,8432
1604745979882,8301,8432
1604746039900,8301,8432
1604746099867,8301,8432
1604746159830,8331,8463
1604746219881,8301,8432
1604746279887,8331,8463
1604746339895,8331,8463
1604746399881,8331,8463
1604746459840,8331,8463
1604746519920,8331,8463
1604746579867,8331,8463
1604746639881,8331,8463
1604746699879,8331,8463
1604746759836,8331,8463
1604746819840,8349,8494
1604746879897,8349,8494
1604746939873,8349,8494
1604746999870,8349,8494
1604747059873,8349,8494
1604747119887,8349,8494
1604747179854,8349,8494
1604747239873,8349,8494
1604747299907,8349,8494
1604747359881,8374,8514
1604747419863,8374,8514
1604747479900,8374,8514
1604747539907,8374,8514
1604747599897,8374,8514
1604747659873,8374,8514
1604747719875,8374,8514
1604747779893,8374,8514
1604747839993,8374,8514
1604747899894,8374,8514
1604747959885,8388,8537
1604748019886,8388,8537
1604748079922,8388,8537
1604748139965,8388,8537
1604748199902,8388,8537
1604748259864,8388,8537
1604748319867,8388,8537
1604748379924,8388,8537
1604748439886,8388,8537
1604748499921,8388,8537
1604748559947,8400,8561
1604748619892,8400,8561
1604748679898,8400,8561
1604748739954,8400,8561
1604748799898,8400,8561
1604748859890,8400,8561
1604748919883,8400,8561
1604748979908,8400,8561
1604749039882,8400,8561
1604749099895,8400,8561
1604749159936,8414,8581
1604749219878,8414,8581
1604749279896,8414,8581
1604749339922,8414,8581
1604749399895,8414,8581
1604749459879,8414,8581
1604749519991,8414,8581
1604749579941,8414,8581
1604749639900,8414,8581
1604749699941,8414,8581
1604749759898,8430,8591
1604749819918,8430,8591
1604749879954,8430,8591
1604749939908,8430,8591
1604749999931,8430,8591
1604750059913,8430,8591
1604750119891,8430,8591
1604750179907,8430,8591
1604750239926,8430,8591
1604750299919,8430,8591
1604750359909,8430,8591
1604750419953,8430,8591
1604750479930,8438,8597
1604750539886,8438,8597
1604750599941,8438,8597
1604750659907,8438,8597
1604750719966,8438,8597
1604750779914,8438,8597
1604750844919,8438,8597
1604750904930,8438,8597
1604750959915,8438,8597
1604751019910,8456,8607
1604751079896,8456,8607
1604751139906,8456,8607
1604751199988,8456,8607
1604751259913,8456,8607
1604751319907,8456,8607
1604751379905,8456,8607
1604751439899,8456,8607
1604751499910,8456,8607
1604751559909,8481,8643
1604751619911,8456,8607
1604751680015,8481,8643
1604751739899,8481,8643
1604751799910,8481,8643
1604751859950,8481,8643
1604751919912,8481,8643
1604751979915,8481,8643
1604752039915,8481,8643
1604752099943,8481,8643
1604752159892,8481,8643
1604752219954,8501,8669
1604752279904,8501,8669
1604752339925,8501,8669
1604752399903,8501,8669
1604752459962,8501,8669
1604752519881,8501,8669
1604752579965,8501,8669
1604752640014,8501,8669
1604752699990,8501,8669
1604752759920,8513,8694
1604752819915,8513,8694
1604752879970,8513,8694
1604752939918,8513,8694
1604752999944,8513,8694
1604753059989,8513,8694
1604753119937,8513,8694
1604753179908,8513,8694
1604753239918,8513,8694
1604753299953,8513,8694
1604753359925,8513,8694
1604753419932,8529,8712
1604753479951,8529,8712
1604753539956,8529,8712
1604753599935,8529,8712
1604753659982,8529,8712
1604753719963,8529,8712
1604753779914,8529,8712
1604753839988,8529,8712
1604753899915,8529,8712
1604753959942,8529,8712
1604754019918,8537,8721
1604754079947,8537,8721
1604754139930,8537,8721
1604754199958,8537,8721
1604754259922,8537,8721
1604754319981,8537,8721
1604754379935,8537,8721
1604754439929,8537,8721
1604754499957,8537,8721
1604754559932,8537,8721
1604754619990,8562,8736
1604754679966,8562,8736
1604754739926,8562,8736
1604754799938,8562,8736
1604754859940,8562,8736
1604754919942,8562,8736
1604754979940,8562,8736
1604755039926,8562,8736
1604755099914,8562,8736
1604755159923,8562,8736
1604755219924,8578,8749
1604755279918,8578,8749
1604755340024,8578,8749
1604755399958,8578,8749
1604755459973,8578,8749
1604755519989,8578,8749
1604755579963,8578,8749
1604755639918,8578,8749
1604755699964,8578,8749
1604755759941,8578,8749
1604755819955,8589,8766
1604755879984,8589,8766
1604755940018,8589,8766
1604755999958,8589,8766
1604756059981,8589,8766
1604756119988,8589,8766
1604756179947,8589,8766
1604756239964,8589,8766
1604756299969,8589,8766
1604756359915,8589,8766
1604756420002,8597,8782
1604756479915,8597,8782
1604756539971,8597,8782
1604756600030,8597,8782
1604756659935,8597,8782
1604756719959,8597,8782
1604756779969,8597,8782
1604756840008,8597,8782
1604756899910,8597,8782
1604756959971,8597,8782
1604757019916,8597,8782
1604757080012,8619,8809
1604757140008,8619,8809
1604757199952,8619,8809
1604757259945,8619,8809
1604757319951,8619,8809
1604757379990,8619,8809
1604757439997,8619,8809
1604757499986,8619,8809
1604757559969,8619,8809
1604757620029,8627,8827
1604757679981,8627,8827
1604757739972,8627,8827
1604757799959,8627,8827
1604757859922,8627,8827
1604757919985,8627,8827
1604757980003,8627,8827
1604758039974,8627,8827
1604758099994,8627,8827
1604758160000,8636,8844
1604758220178,8627,8827
1604758279982,8636,8844
1604758340038,8636,8844
1604758400003,8636,8844
1604758459927,8636,8844
1604758520039,8636,8844
1604758579962,8636,8844
1604758640007,8636,8844
1604758700005,8636,8844
1604758759991,8649,8855
1604758819953,8636,8844
1604758879966,8649,8855
1604758940012,8649,8855
1604758999977,8649,8855
1604759059956,8649,8855
1604759119972,8649,8855
1604759179962,8649,8855
1604759239952,8649,8855
1604759299981,8649,8855
1604759359963,8649,8855
1604759420000,8659,8865
1604759479979,8659,8865
1604759540050,8659,8865
1604759600047,8659,8865
1604759659991,8659,8865
1604759719965,8659,8865
1604759779994,8659,8865
1604759839972,8659,8865
1604759899969,8659,8865
1604759959963,8659,8865
1604760019992,8671,8884
1604760319966,8671,8884
1604760499974,8671,8884
1604760560032,8671,8884
1604760619980,8678,8893
1604760680019,8678,8893
1604760740038,8678,8893
1604760800002,8678,8893
1604760859978,8678,8893
1604760920147,8678,8893
1604760980001,8678,8893
1604761039968,8678,8893
1604761100030,8678,8893
1604761159962,8678,8893
1604761219987,8688,8900
1604761280038,8688,8900
1604761340046,8688,8900
1604761399980,8688,8900
1604761460069,8688,8900
1604761520046,8688,8900
1604761580015,8688,8900
1604761639982,8688,8900
1604761700015,8688,8900
1604761760063,8688,8900
1604761819962,8688,8900
1604761879995,8696,8910
1604761940010,8696,8910
1604761999997,8696,8910
1604762060145,8696,8910
1604762119969,8696,8910
1604762179963,8696,8910
1604762240067,8696,8910
1604762299983,8696,8910
1604762360004,8696,8910
1604762419959,8702,8919
1604762480016,8696,8910
1604762539986,8702,8919
1604762599981,8702,8919
1604762659979,8702,8919
1604762720032,8702,8919
1604762779975,8702,8919
1604762839966,8702,8919
1604762900049,8702,8919
1604762960063,8702,8919
1604763019987,8709,8922
1604763079954,8709,8922
1604763140009,8709,8922
1604763199962,8709,8922
1604763259993,8709,8922
1604763320060,8709,8922
1604763380026,8709,8922
1604763439982,8709,8922
1604763499987,8709,8922
1604763559986,8709,8922
1604763620020,8709,8922
1604763680037,8709,8922
1604763739997,8715,8927
1604763799957,8715,8927
1604763859982,8715,8927
1604763920032,8715,8927
1604763980028,8715,8927
1604764040029,8715,8927
1604764100029,8715,8927
1604764160051,8715,8927
1604764220106,8726,8935
1604764280044,8726,8935
1604764340015,8726,8935
1604764400018,8726,8935
1604764459999,8726,8935
1604764520008,8726,8935
1604764579987,8726,8935
1604764640008,8726,8935
1604764700020,8726,8935
1604764759994,8726,8935
1604764820558,8734,8940
1604764880002,8726,8935
1604764939997,8734,8940
1604764999993,8734,8940
1604765060045,8734,8940
1604765119988,8734,8940
1604765180027,8734,8940
1604765240042,8734,8940
1604765300006,8734,8940
1604765360021,8734,8940
1604765420036,8740,8954
1604765480260,8740,8954
1604765540022,8740,8954
1604765600037,8740,8954
1604765660018,8740,8954
1604765720178,8740,8954
1604765780038,8740,8954
1604765839985,8740,8954
1604765899966,8740,8954
1604765960024,8740,8954
1604766020075,8740,8954
1604766080041,8753,8966
1604766139998,8753,8966
1604766200002,8753,8966
1604766259992,8753,8966
1604766319985,8753,8966
1604766380051,8753,8966
1604766440007,8753,8966
1604766500018,8753,8966
1604766560056,8753,8966
1604766620035,8753,8966
1604766680024,8768,8975
1604766740109,8768,8975
1604766800113,8768,8975
1604766860014,8768,8975
1604766920072,8768,8975
1604766980116,8768,8975
1604767040057,8768,8975
1604767100117,8768,8975
1604767160100,8768,8975
1604767220085,8768,8975
1604767280125,8776,8979
1604767340088,8776,8979
1604767400201,8776,8979
1604767460100,8776,8979
1604767520078,8776,8979
1604767580097,8776,8979
1604767640045,8776,8979
1604767700089,8776,8979
1604767760038,8776,8979
1604767820097,8776,8979
1604767880103,8880,8985
1604767940051,8880,8985
1604768000040,8880,8985
1604768060330,8880,8985
1604768120300,8880,8985
1604768180320,8880,8985
1604768240292,8880,8985
1604768299994,8880,8985
1604768360277,8880,8985
1604768420288,8880,8985
1604768481625,8880,8985
1604768540289,8902,9004
1604768600255,8902,9004
1604768660724,8902,9004
1604768720292,8902,9004
1604768780404,8902,9004
1604768840038,8902,9004
1604768900432,8902,9004
1604768960354,8902,9004
1604769020009,8902,9004
1604769080082,8902,9004
1604769140038,8914,9012
1604769200073,8914,9012
1604769260261,8914,9012
1604769320086,8914,9012
1604769380380,8914,9012
1604769440296,8914,9012
1604769500033,8914,9012
1604769560311,8914,9012
1604769620355,8914,9012
1604769680288,8931,9019
1604769740141,8931,9019
1604769800103,8931,9019
1604769860089,8931,9019
1604769920205,8931,9019
1604769980143,8931,9019
1604770040237,8931,9019
1604770100318,8931,9019
1604770160225,8931,9019
1604770220182,8955,9041
1604770280263,8955,9041
1604770340223,8955,9041
1604770400100,8955,9041
1604770460361,8955,9041
1604770520308,8955,9041
1604770580119,8955,9041
1604770640378,8955,9041
1604770700196,8955,9041
1604770760319,8955,9041
1604770820380,8962,9048
1604770880349,8955,9041
1604770940270,8962,9048
1604771000180,8962,9048
1604771060045,8962,9048
1604771120142,8962,9048
1604771180063,8962,9048
1604771240046,8962,9048
1604771300147,8962,9048
1604771360138,8962,9048
1604771420375,8962,9048
1604771480171,8971,9055
1604771540463,8971,9055
1604771600153,8971,9055
1604771660115,8971,9055
1604771720321,8971,9055
1604771780103,8971,9055
1604771840104,8971,9055
1604771900046,8971,9055
1604771960055,8971,9055
1604772020134,8971,9055
1604772080249,8980,9059
1604772140089,8980,9059
1604772201290,8980,9059
1604772260069,8980,9059
1604772320392,8980,9059
1604772380250,8980,9059
1604772440153,8980,9059
1604772500313,8980,9059
1604772560353,8980,9059
1604772620196,8980,9059
1604772680355,8986,9065
1604772740309,8986,9065
1604772800155,8986,9065
1604772860216,8986,9065
1604772920136,8986,9065
1604772980121,8986,9065
1604773040117,8986,9065
1604773100268,8986,9065
1604773160286,8986,9065
1604773220103,9001,9072
1604773280170,9001,9072
1604773340123,9001,9072
1604773400174,9001,9072
1604773460381,9001,9072
1604773520198,9001,9072
1604773580114,9001,9072
1604773640131,9001,9072
1604773700210,9001,9072
1604773760182,9001,9072
1604773820359,9001,9072
1604773880354,9003,9074
1604773940089,9003,9074
1604774000013,9003,9074
1604774060074,9003,9074
1604774120048,9003,9074
1604774180114,9003,9074
1604774240064,9003,9074
1604774300093,9003,9074
1604774360338,9003,9074
1604774420027,9003,9074
1604774480203,9011,9076
1604774540148,9011,9076
1604774600108,9011,9076
1604774660129,9011,9076
1604774720131,9011,9076
1604774780087,9011,9076
1604774840105,9011,9076
1604774900149,9011,9076
1604774960104,9011,9076
1604775020171,9011,9076
1604775080271,9012,9081
1604775140332,9012,9081
1604775200105,9012,9081
1604775260239,9012,9081
1604775320079,9012,9081
1604775380216,9012,9081
1604775440151,9012,9081
1604775500078,9012,9081
1604775560327,9012,9081
1604775620151,9012,9081
1604775680091,9019,9087
1604775740139,9019,9087
1604775800120,9019,9087
1604775860176,9019,9087
1604775920113,9019,9087
1604775980169,9019,9087
1604776040151,9019,9087
1604776100142,9019,9087
1604776160192,9019,9087
1604776220062,9019,9087
1604776280226,9019,9087
1604776340388,9027,9090
1604776400091,9027,9090
1604776460139,9027,9090
1604776520193,9027,9090
1604776580303,9027,9090
1604776640165,9027,9090
1604776700361,9027,9090
1604776760121,9027,9090
1604776820120,9027,9090
1604776880092,9027,9090
1604776940557,9031,9096
1604777000197,9031,9096
1604777060371,9031,9096
1604777120259,9031,9096
1604777180379,9031,9096
1604777240105,9031,9096
1604777300339,9031,9096
1604777360177,9031,9096
1604777420300,9031,9096
1604777480183,9034,9101
1604777540385,9034,9101
1604777600141,9034,9101
1604777660447,9034,9101
1604777720248,9034,9101
1604777780336,9034,9101
1604777840106,9034,9101
1604777900155,9034,9101
1604777960167,9034,9101
1604778020162,9034,9101
1604778080203,9034,9101
1604778140201,9036,9104
1604778200185,9036,9104
1604778260157,9036,9104
1604778320424,9036,9104
1604778380280,9036,9104
1604778440309,9036,9104
1604778500208,9036,9104
1604778560083,9036,9104
1604778620167,9036,9104
1604778680220,9036,9104
1604778740175,9049,9106
1604778800160,9049,9106
1604778860229,9049,9106
1604778920131,9049,9106
1604778980312,9049,9106
1604779040355,9049,9106
1604779100099,9049,9106
1604779160097,9049,9106
1604779220215,9049,9106
1604779280176,9049,9106
1604779340439,9057,9109
1604779400170,9057,9109
1604779460755,9057,9109
1604779520112,9057,9109
1604779580198,9057,9109
1604779640148,9057,9109
1604779700400,9057,9109
1604779760208,9057,9109
1604779820122,9057,9109
1604779880417,9057,9109
1604779940199,9082,9150
1604780000154,9082,9150
1604780060506,9082,9150
1604780120158,9082,9150
1604780180206,9082,9150
1604780240222,9082,9150
1604780300182,9082,9150
1604780360170,9082,9150
1604780420419,9082,9150
1604780480195,9082,9150
1604780540178,9111,9176
1604780600377,9111,9176
1604780660150,9111,9176
1604780720203,9111,9176
1604780780292,9111,9176
1604780840261,9111,9176
1604780900345,9111,9176
1604780960231,9111,9176
1604781020373,9111,9176
1604781080191,9111,9176
1604781140183,9153,9195
1604781200162,9153,9195
1604781260428,9153,9195
1604781320193,9153,9195
1604781380100,9153,9195
1604781440368,9153,9195
1604781500386,9153,9195
1604781560279,9153,9195
1604781620518,9153,9195
1604781680291,9168,9211
1604781740110,9168,9211
1604781800195,9168,9211
1604781860179,9168,9211
1604781920225,9168,9211
1604781980175,9168,9211
1604782040442,9168,9211
1604782100182,9168,9211
1604782160199,9168,9211
1604782220181,9168,9211
1604782280337,9168,9211
1604782340198,9295,9220
1604782400084,9295,9220
1604782460392,9295,9220
1604782520423,9295,9220
1604782580241,9295,9220
1604782640179,9295,9220
1604782700234,9295,9220
1604782760454,9295,9220
1604782820146,9295,9220
1604782880191,9295,9220
1604782940167,9312,9232
1604783000110,9312,9232
1604783060172,9312,9232
1604783120122,9312,9232
1604783180131,9312,9232
1604783240452,9312,9232
1604783300162,9312,9232
1604783360149,9312,9232
1604783420100,9312,9232
1604783480433,9312,9232
1604783540367,9312,9232
1604783600184,9319,9239
1604783660156,9319,9239
1604783720203,9319,9239
1604783780201,9319,9239
1604783840264,9319,9239
1604783900443,9319,9239
1604783960415,9319,9239
1604784020159,9319,9239
1604784080468,9863,9251
1604784140139,9863,9251
1604784200125,9863,9251
1604784260316,9863,9251
1604784320196,9863,9251
1604784380402,9863,9251
1604784440208,9863,9251
1604784500213,9863,9251
1604784560260,9863,9251
1604784620188,9863,9251
1604784680415,9863,9251
1604784740471,9905,9275
1604784800380,9905,9275
1604784860135,9905,9275
1604784920191,9905,9275
1604784980424,9905,9275
1604785040367,9905,9275
1604785100463,9905,9275
1604785160128,9905,9275
1604785220202,9905,9275
1604785280151,9925,9295
1604785340351,9905,9275
1604785400123,9925,9295
1604785460478,9925,9295
1604785520114,9925,9295
1604785580147,9925,9295
1604785640448,9925,9295
1604785700120,9925,9295
1604785760199,9925,9295
1604785820172,9925,9295
1604785880374,9925,9295
1604785940227,9947,9420
1604786000173,9947,9420
1604786060443,9947,9420
1604786120178,9947,9420
1604786180293,9947,9420
1604786240328,9947,9420
1604786300343,9947,9420
1604786360525,9947,9420
1604786420509,9947,9420
1604786480226,9947,9420
1604786540526,9962,9438
1604786600591,9962,9438
1604786660577,9962,9438
1604786720463,9962,9438
1604786780269,9962,9438
1604786840220,9962,9438
1604786900510,9962,9438
1604786960288,9962,9438
1604787020289,9962,9438
1604787080389,9962,9438
1604787140277,9977,9447
1604787200454,9977,9447
1604787260407,9977,9447
1604787320355,9977,9447
1604787380288,9977,9447
1604787440351,9977,9447
1604787451062,9977,9447
1604787510631,9977,9447
1604787570702,9977,9447
1604787630718,9977,9447
1604787690668,9977,9447
1604787750925,9977,9447
1604787810675,9987,9458
1604787870657,9987,9458
1604787930929,9987,9458
1604787990695,9987,9458
1604788050695,9987,9458
1604788110607,9987,9458
1604788170674,9987,9458
1604788230628,9987,9458
1604788290614,10010,9475
1604788350614,10010,9475
1604788410894,10010,9475
1604788470734,10010,9475
1604788530878,10010,9475
1604788590688,10010,9475
1604788650805,10010,9475
1604788710699,10010,9475
1604788770618,10010,9475
1604788830659,10010,9475
1604788890946,10010,9475
1604788950619,10019,9483
1604789010901,10019,9483
1604789070991,10019,9483
1604789130662,10019,9483
1604789190652,10019,9483
1604789250917,10019,9483
1604789310746,10019,9483
1604789370697,10019,9483
1604789430742,10019,9483
1604789490898,10019,9483
1604789550669,10019,9483
1604789610854,10052,9495
1604789670687,10052,9495
1604789730773,10052,9495
1604789790922,10052,9495
1604789850588,10052,9495
1604789910926,10052,9495
1604789970622,10052,9495
1604790030933,10052,9495
1604790090602,10052,9495
1604790150910,10072,9502
1604790210620,10072,9502
1604790270846,10072,9502
1604790330692,10072,9502
1604790390621,10072,9502
1604790450615,10072,9502
1604790510669,10072,9502
1604790570648,10072,9502
1604790630674,10072,9502
1604790690678,10072,9502
1604790750620,10089,9519
1604790810614,10089,9519
1604790870682,10089,9519
1604790930842,10089,9519
1604790990928,10089,9519
1604791050676,10089,9519
1604791110620,10089,9519
1604791170625,10089,9519
1604791230916,10089,9519
1604791290778,10089,9519
1604791350632,10096,9526
1604791410650,10096,9526
1604791470650,10096,9526
